2020	2020/01/02	90,874,945,129	183,126,876,358	1,324,789
2020	2020/01/03	97,886,832,493	190,704,123,443	1,513,535
2020	2020/01/06	91,605,700,189	189,015,912,747	1,363,653
2020	2020/01/07	86,419,084,623	193,063,806,036	1,328,830
2020	2020/01/08	96,553,949,792	254,961,267,529	1,529,484
2020	2020/01/09	95,737,836,439	214,587,607,385	1,403,912
2020	2020/01/10	105,273,341,384	253,746,345,028	1,425,862
2020	2020/01/13	111,811,003,475	229,865,980,359	1,539,380
2020	2020/01/14	119,192,783,869	209,523,223,629	1,792,319
2020	2020/01/15	100,414,221,622	212,292,903,923	1,564,018
2020	2020/01/16	101,501,632,976	216,675,255,948	1,613,235
2020	2020/01/17	111,360,557,837	198,149,111,157	1,615,379
2020	2020/01/20	111,599,105,222	221,417,271,939	1,509,755
2020	2020/01/21	132,840,257,075	242,962,169,222	1,876,264
2020	2020/01/22	101,492,718,438	234,139,967,731	1,491,579
2020	2020/01/23	118,705,938,138	227,085,017,947	1,658,307
2020	2020/01/24	47,321,532,412	109,710,759,621	675,167
2020	2020/01/29	124,051,186,070	142,574,340,412	1,792,167
2020	2020/01/30	124,396,061,501	251,721,445,548	1,834,778
2020	2020/01/31	103,024,467,525	194,957,009,870	1,593,837
2020	2020/02/03	136,679,771,733	215,357,654,518	2,022,434
2020	2020/02/04	135,854,638,896	232,409,557,537	1,948,077
2020	2020/02/05	133,781,425,410	278,843,314,445	1,939,835
2020	2020/02/06	131,726,058,986	324,191,709,700	1,874,095
2020	2020/02/07	99,407,226,849	221,972,937,466	1,551,554
2020	2020/02/10	107,754,773,483	223,825,853,832	1,593,857
2020	2020/02/11	111,015,371,634	241,210,807,295	1,657,217
2020	2020/02/12	112,233,846,456	233,812,737,035	1,725,760
2020	2020/02/13	105,918,621,847	260,365,751,772	1,618,539
2020	2020/02/14	95,782,736,605	249,354,239,638	1,482,159
2020	2020/02/17	95,603,282,754	225,378,115,587	1,420,951
2020	2020/02/18	101,380,570,857	272,162,686,722	1,519,658
2020	2020/02/19	88,281,958,495	214,802,531,753	1,422,508
2020	2020/02/20	100,878,939,021	251,770,059,010	1,628,845
2020	2020/02/21	100,250,568,634	240,153,649,160	1,585,316
2020	2020/02/24	124,133,261,903	234,791,293,315	1,811,755
2020	2020/02/25	117,925,767,738	215,754,933,961	1,876,734
2020	2020/02/26	119,596,664,988	226,498,322,553	1,788,149
2020	2020/02/27	110,467,218,443	189,949,823,183	1,677,889
2020	2020/02/28	168,192,259,451	228,979,517,952	2,249,058
2020	2020/03/02	125,444,393,758	209,577,019,372	1,973,060
2020	2020/03/03	116,492,559,944	207,502,882,670	1,863,949
2020	2020/03/04	110,974,711,155	211,042,814,095	1,718,465
2020	2020/03/05	132,628,243,484	231,281,418,731	1,945,616
2020	2020/03/06	119,462,414,706	225,282,185,554	1,715,856
2020	2020/03/09	169,643,611,509	146,189,117,738	2,466,190
2020	2020/03/10	141,062,103,933	190,431,905,100	2,270,437
2020	2020/03/11	112,680,415,985	174,089,789,057	1,819,085
2020	2020/03/12	152,262,427,625	151,046,626,756	2,362,700
2020	2020/03/13	202,433,552,992	78,371,295,712	3,235,942
2020	2020/03/16	158,805,373,274	91,832,547,391	2,516,335
2020	2020/03/17	151,015,175,842	96,714,595,423	2,747,915
2020	2020/03/18	166,088,519,006	131,843,134,031	2,772,932
2020	2020/03/19	191,053,215,851	109,698,848,642	3,355,439
2020	2020/03/20	171,263,642,182	143,807,712,419	2,585,374
2020	2020/03/23	137,548,835,993	140,808,801,648	2,351,057
2020	2020/03/24	137,796,703,374	167,676,223,786	2,294,132
2020	2020/03/25	151,162,009,575	176,746,462,114	2,400,672
2020	2020/03/26	121,778,939,646	193,545,901,553	2,051,683
2020	2020/03/27	122,417,757,987	180,961,726,986	2,016,188
2020	2020/03/30	107,949,019,359	176,821,395,593	1,847,155
2020	2020/03/31	113,340,524,927	179,184,349,584	1,908,100
2020	2020/04/01	131,229,697,563	189,143,266,945	2,138,657
2020	2020/04/02	89,716,378,526	189,876,160,178	1,613,456
2020	2020/04/03	79,973,114,712	184,872,860,734	1,393,259
2020	2020/04/06	86,814,144,277	189,231,743,850	1,554,830
2020	2020/04/07	126,375,916,483	217,360,874,420	2,123,671
2020	2020/04/08	94,535,595,497	193,824,665,527	1,673,623
2020	2020/04/09	93,886,946,872	161,218,359,752	1,682,594
2020	2020/04/14	111,459,104,091	175,730,195,468	1,899,063
2020	2020/04/15	112,068,111,089	176,229,091,829	1,849,447
2020	2020/04/16	105,842,604,901	188,663,637,323	1,924,092
2020	2020/04/17	137,911,254,381	192,280,068,005	2,013,182
2020	2020/04/20	89,684,360,544	186,901,231,313	1,531,323
2020	2020/04/21	110,796,314,117	227,260,778,904	1,874,914
2020	2020/04/22	97,057,841,955	202,913,350,409	1,716,495
2020	2020/04/23	96,543,509,112	191,823,813,295	1,609,060
2020	2020/04/24	82,799,365,143	160,043,592,922	1,465,560
2020	2020/04/27	87,099,595,790	148,585,013,618	1,450,896
2020	2020/04/28	86,107,240,810	157,661,550,984	1,503,195
2020	2020/04/29	86,086,020,698	149,752,811,192	1,472,421
2020	2020/05/04	109,691,296,380	189,125,657,586	1,853,854
2020	2020/05/05	70,454,605,923	158,150,270,566	1,221,800
2020	2020/05/06	109,591,306,518	204,741,943,373	1,806,269
2020	2020/05/07	86,550,272,152	199,427,318,143	1,422,054
2020	2020/05/08	96,820,109,139	175,452,021,458	1,588,213
2020	2020/05/11	103,652,673,996	182,587,590,928	1,602,757
2020	2020/05/12	97,048,503,127	176,339,114,028	1,558,147
2020	2020/05/13	103,536,502,656	212,126,887,568	1,657,552
2020	2020/05/14	118,653,781,428	208,873,223,263	1,865,055
2020	2020/05/15	104,338,390,510	237,321,925,011	1,797,968
2020	2020/05/18	109,429,259,553	218,037,439,672	1,846,275
2020	2020/05/19	125,962,948,108	238,149,653,952	1,980,973
2020	2020/05/20	101,691,940,538	188,746,588,333	1,660,148
2020	2020/05/21	124,255,658,490	219,677,830,414	1,857,014
2020	2020/05/22	180,521,487,830	248,153,031,833	2,718,056
2020	2020/05/25	118,227,001,649	224,137,431,659	1,734,288
2020	2020/05/26	107,464,706,294	185,015,609,615	1,636,091
2020	2020/05/27	110,882,187,761	181,238,834,036	1,781,569
2020	2020/05/28	132,698,314,932	195,316,513,169	2,088,313
2020	2020/05/29	178,936,817,166	177,877,924,204	1,945,748
2020	2020/06/01	150,753,028,287	179,757,182,122	2,018,735
2020	2020/06/02	114,028,505,608	188,154,282,569	1,783,085
2020	2020/06/03	139,452,789,192	185,916,982,581	1,990,009
2020	2020/06/04	125,411,464,768	207,623,780,182	1,921,576
2020	2020/06/05	134,866,408,701	202,970,239,479	1,914,294
2020	2020/06/08	129,296,906,249	185,131,980,506	1,954,392
2020	2020/06/09	124,252,008,993	220,976,355,570	1,895,608
2020	2020/06/10	127,254,687,961	246,422,568,935	1,868,930
2020	2020/06/11	142,430,662,604	246,377,962,923	2,092,093
2020	2020/06/12	115,437,830,660	248,116,670,882	1,838,618
2020	2020/06/15	128,021,238,247	280,355,267,583	2,052,813
2020	2020/06/16	114,626,499,924	238,575,092,545	1,835,976
2020	2020/06/17	104,241,709,932	212,098,768,189	1,734,584
2020	2020/06/18	121,607,847,388	238,817,898,197	1,932,799
2020	2020/06/19	151,454,868,598	252,358,310,142	1,940,619
2020	2020/06/22	119,579,673,732	243,857,576,906	1,799,042
2020	2020/06/23	119,447,115,984	257,130,763,706	1,740,839
2020	2020/06/24	115,429,540,387	220,652,213,738	1,629,549
2020	2020/06/26	96,110,436,098	171,664,813,788	1,564,194
2020	2020/06/29	133,018,985,084	231,540,497,815	2,156,196
2020	2020/06/30	122,490,241,821	201,876,450,373	1,898,896
2020	2020/07/02	175,990,271,427	246,188,733,958	2,585,892
2020	2020/07/03	163,951,184,490	228,669,912,690	2,268,963
2020	2020/07/06	250,796,931,460	262,836,066,560	3,115,404
2020	2020/07/07	239,954,381,458	202,030,621,993	3,157,513
2020	2020/07/08	196,193,932,970	219,345,933,295	2,634,210
2020	2020/07/09	206,831,382,400	190,543,382,446	2,742,861
2020	2020/07/10	194,568,725,692	201,554,014,409	2,766,751
2020	2020/07/13	171,275,514,216	198,723,772,870	2,391,753
2020	2020/07/14	178,945,650,623	233,033,265,150	2,581,204
2020	2020/07/15	164,170,272,130	234,623,662,185	2,506,296
2020	2020/07/16	199,792,359,974	264,717,170,487	2,884,771
2020	2020/07/17	129,519,011,637	243,691,475,525	2,026,663
2020	2020/07/20	135,617,550,477	257,360,944,289	2,152,540
2020	2020/07/21	161,701,377,202	230,647,640,281	2,267,697
2020	2020/07/22	155,586,274,059	242,156,355,345	2,241,353
2020	2020/07/23	140,571,987,686	229,095,860,357	2,129,415
2020	2020/07/24	166,659,807,169	261,568,059,714	2,480,904
2020	2020/07/27	125,677,487,726	241,994,068,229	1,977,484
2020	2020/07/28	112,416,341,204	214,369,431,399	1,780,295
2020	2020/07/29	104,447,602,969	209,856,568,026	1,717,890
2020	2020/07/30	128,371,347,928	268,731,525,112	2,025,138
2020	2020/07/31	119,153,830,847	279,813,938,253	1,900,383
2020	2020/08/03	130,456,722,944	236,459,510,539	2,041,383
2020	2020/08/04	145,978,139,352	260,952,833,066	2,222,763
2020	2020/08/05	122,807,149,609	231,552,748,710	1,930,625
2020	2020/08/06	135,874,536,657	294,887,275,452	2,192,063
2020	2020/08/07	177,826,065,899	323,544,664,941	2,581,342
2020	2020/08/10	135,280,876,999	267,985,509,689	1,938,929
2020	2020/08/11	141,358,759,886	263,892,804,842	2,313,564
2020	2020/08/12	144,075,058,756	268,260,012,016	2,409,926
2020	2020/08/13	116,453,370,736	231,519,116,657	1,911,509
2020	2020/08/14	103,319,152,060	228,108,348,749	1,746,603
2020	2020/08/17	128,756,793,276	238,736,620,997	2,082,246
2020	2020/08/18	126,882,970,622	223,963,377,093	2,067,353
2020	2020/08/19	84,573,165,893	117,432,688,771	1,316,802
2020	2020/08/20	118,187,033,907	278,193,224,935	1,877,341
2020	2020/08/21	118,126,929,585	241,514,985,464	1,895,079
2020	2020/08/24	140,152,565,962	246,309,488,136	1,972,041
2020	2020/08/25	128,765,942,268	243,902,039,382	2,059,901
2020	2020/08/26	132,966,427,313	237,378,441,860	2,071,118
2020	2020/08/27	150,600,511,351	272,173,720,459	2,292,858
2020	2020/08/28	165,280,166,584	270,674,618,054	2,454,734
2020	2020/08/31	181,770,373,647	288,255,338,768	2,595,519
2020	2020/09/01	139,063,321,751	229,588,850,168	2,033,920
2020	2020/09/02	159,580,677,413	254,062,717,370	2,396,978
2020	2020/09/03	146,568,908,633	304,715,191,414	2,233,301
2020	2020/09/04	213,157,324,810	316,162,696,937	2,360,291
2020	2020/09/07	158,242,026,198	282,599,154,384	2,088,941
2020	2020/09/08	140,600,050,165	291,687,188,031	2,331,038
2020	2020/09/09	120,764,351,744	298,202,743,641	1,952,716
2020	2020/09/10	103,877,688,584	230,722,694,465	1,755,380
2020	2020/09/11	96,049,506,633	237,197,656,575	1,620,334
2020	2020/09/14	99,650,313,317	272,806,602,458	1,630,076
2020	2020/09/15	115,936,321,521	241,484,667,806	1,732,081
2020	2020/09/16	102,991,216,962	248,797,209,981	1,709,282
2020	2020/09/17	117,691,056,175	308,622,142,855	1,868,005
2020	2020/09/18	144,087,816,272	258,194,052,976	1,860,028
2020	2020/09/21	114,914,580,044	292,891,479,745	1,735,987
2020	2020/09/22	106,040,666,838	275,257,721,684	1,747,925
2020	2020/09/23	98,483,971,771	229,633,952,465	1,695,348
2020	2020/09/24	117,166,490,241	298,626,855,120	1,790,757
2020	2020/09/25	116,733,117,628	272,520,611,016	1,922,479
2020	2020/09/28	93,343,404,980	221,014,713,552	1,523,455
2020	2020/09/29	85,873,927,487	207,025,659,267	1,457,467
2020	2020/09/30	98,299,451,258	228,458,504,001	1,507,017
2020	2020/10/05	92,580,759,534	217,145,297,472	1,504,120
2020	2020/10/06	86,810,514,389	238,802,900,515	1,422,039
2020	2020/10/07	92,172,464,659	231,896,961,799	1,555,751
2020	2020/10/08	87,788,898,704	244,311,137,313	1,506,757
2020	2020/10/09	112,538,987,382	245,849,818,140	1,834,465
2020	2020/10/12	140,291,007,294	335,526,541,744	2,047,290
2020	2020/10/14	154,349,363,034	272,545,002,828	2,249,284
2020	2020/10/15	130,537,893,852	305,942,225,381	2,018,303
2020	2020/10/16	113,007,861,822	269,661,660,987	1,843,492
2020	2020/10/19	122,827,654,945	268,253,672,729	1,934,400
2020	2020/10/20	99,319,227,507	231,878,165,306	1,659,618
2020	2020/10/21	109,413,628,621	276,686,524,699	1,755,702
2020	2020/10/22	107,182,078,721	249,492,417,111	1,730,792
2020	2020/10/23	111,644,012,057	262,901,573,782	1,772,351
2020	2020/10/27	130,520,381,727	258,659,063,010	2,073,643
2020	2020/10/28	132,623,815,663	236,279,830,761	1,898,125
2020	2020/10/29	133,186,259,989	218,064,740,628	2,011,301
2020	2020/10/30	151,726,038,215	250,262,472,242	2,240,578
2020	2020/11/02	116,193,204,274	224,158,790,866	1,780,318
2020	2020/11/03	129,632,355,992	241,538,364,998	1,934,217
2020	2020/11/04	172,827,866,113	274,540,157,643	2,163,405
2020	2020/11/05	176,676,374,016	223,564,560,687	2,391,437
2020	2020/11/06	164,555,070,726	247,344,766,102	2,195,546
2020	2020/11/09	168,452,779,327	212,389,854,251	2,322,689
2020	2020/11/10	233,806,076,688	285,178,725,388	3,055,306
2020	2020/11/11	267,456,845,287	262,295,921,358	3,338,937
2020	2020/11/12	167,135,321,883	219,006,349,547	2,242,677
2020	2020/11/13	151,407,496,259	237,866,550,156	2,092,075
2020	2020/11/16	145,301,486,728	214,917,568,416	2,069,033
2020	2020/11/17	143,570,035,813	210,365,998,846	2,122,690
2020	2020/11/18	133,772,301,702	226,376,498,556	1,938,418
2020	2020/11/19	131,936,612,793	207,712,674,160	1,949,621
2020	2020/11/20	132,640,421,573	211,656,770,071	2,010,991
2020	2020/11/23	152,037,965,219	199,310,108,783	2,154,810
2020	2020/11/24	143,242,383,592	228,086,488,041	2,096,910
2020	2020/11/25	178,061,002,716	259,433,008,501	2,539,213
2020	2020/11/26	113,638,840,450	219,174,961,131	1,708,063
2020	2020/11/27	112,719,560,370	213,235,083,118	1,730,758
2020	2020/11/30	240,686,800,968	235,065,483,933	2,745,323
2020	2020/12/01	153,125,896,123	239,030,153,659	2,137,762
2020	2020/12/02	181,738,887,897	241,533,676,048	2,281,104
2020	2020/12/03	135,450,030,252	228,334,892,498	2,089,116
2020	2020/12/04	172,264,724,370	191,889,717,835	2,075,814
2020	2020/12/07	135,274,245,071	211,423,319,644	2,015,364
2020	2020/12/08	135,417,507,142	230,232,110,910	2,296,797
2020	2020/12/09	136,609,536,469	196,801,072,031	2,129,461
2020	2020/12/10	110,000,820,483	201,698,939,718	1,751,232
2020	2020/12/11	135,914,232,607	202,168,638,685	2,078,869
2020	2020/12/14	143,307,352,081	204,577,643,313	1,939,065
2020	2020/12/15	144,004,190,439	212,511,036,910	2,057,198
2020	2020/12/16	128,998,576,734	178,791,335,346	2,121,598
2020	2020/12/17	128,962,232,978	175,746,200,707	2,092,356
2020	2020/12/18	166,474,047,939	168,918,377,508	2,079,812
2020	2020/12/21	143,884,212,174	166,821,181,673	2,199,449
2020	2020/12/22	123,725,647,969	194,196,734,414	2,022,586
2020	2020/12/23	129,153,924,003	180,881,130,076	1,920,481
2020	2020/12/24	97,986,100,807	97,381,500,101	1,270,329
2020	2020/12/28	190,735,176,153	179,461,883,121	2,290,590
2020	2020/12/29	138,819,563,676	149,114,638,657	1,996,436
2020	2020/12/30	153,320,852,183	150,631,191,270	2,159,409
2020	2020/12/31	105,700,642,137	90,227,568,917	1,371,497
2021	2021/01/04	182,640,931,775	223,837,071,531	2,478,761
2021	2021/01/05	215,029,397,906	213,674,979,007	2,710,714
2021	2021/01/06	218,122,219,998	247,124,792,025	3,013,104
2021	2021/01/07	227,822,643,905	248,680,873,116	2,868,303
2021	2021/01/08	270,291,803,103	249,819,438,256	3,089,964
2021	2021/01/11	254,146,801,060	257,733,466,165	3,036,699
2021	2021/01/12	199,061,458,133	242,211,477,623	2,618,216
2021	2021/01/13	202,134,866,844	257,416,910,673	2,758,618
2021	2021/01/14	207,681,045,881	255,104,310,870	2,675,654
2021	2021/01/15	253,982,834,898	260,227,125,179	3,494,758
2021	2021/01/18	224,397,305,574	266,394,995,541	2,798,194
2021	2021/01/19	301,579,945,698	290,683,716,574	3,758,078
2021	2021/01/20	300,275,883,605	285,962,327,580	3,542,004
2021	2021/01/21	264,905,090,740	263,136,220,730	3,325,158
2021	2021/01/22	244,189,109,352	298,066,934,617	3,198,215
2021	2021/01/25	286,909,325,540	312,762,165,527	3,390,836
2021	2021/01/26	278,926,534,757	296,765,860,738	3,303,616
2021	2021/01/27	255,124,381,795	310,652,999,780	3,057,193
2021	2021/01/28	269,880,676,889	333,519,422,171	3,430,049
2021	2021/01/29	240,183,628,197	331,933,287,077	3,150,171
2021	2021/02/01	201,187,956,847	282,408,721,976	2,704,075
2021	2021/02/02	225,505,636,469	347,391,440,445	2,936,306
2021	2021/02/03	221,023,176,751	314,438,219,020	2,962,043
2021	2021/02/04	239,784,745,922	322,489,499,818	3,245,644
2021	2021/02/05	239,374,872,728	278,992,959,092	3,053,891
2021	2021/02/08	185,801,761,166	252,029,265,876	2,686,826
2021	2021/02/09	149,937,952,952	209,354,562,474	2,167,542
2021	2021/02/10	175,982,137,127	262,335,637,284	2,378,059
2021	2021/02/11	92,088,094,774	114,125,935,392	1,223,541
2021	2021/02/16	219,782,212,005	221,410,102,512	2,906,842
2021	2021/02/17	207,988,858,813	247,581,377,027	2,747,682
2021	2021/02/18	282,680,979,618	262,940,329,174	3,649,969
2021	2021/02/19	253,280,049,258	314,997,851,341	3,336,377
2021	2021/02/22	302,588,126,201	320,434,214,203	3,790,293
2021	2021/02/23	267,460,252,140	294,149,225,296	3,560,070
2021	2021/02/24	353,005,374,038	348,909,883,459	4,524,176
2021	2021/02/25	256,801,566,841	270,990,684,346	3,476,619
2021	2021/02/26	320,238,977,016	309,393,868,853	3,804,409
2021	2021/03/01	209,221,048,042	270,098,342,756	2,789,405
2021	2021/03/02	232,724,995,625	339,997,724,928	3,198,622
2021	2021/03/03	185,022,705,682	287,120,275,588	2,669,246
2021	2021/03/04	224,354,122,391	339,474,874,794	3,171,647
2021	2021/03/05	240,429,641,920	318,698,272,289	3,479,916
2021	2021/03/08	276,780,020,888	327,207,737,181	3,667,936
2021	2021/03/09	275,958,558,193	315,877,964,439	3,811,355
2021	2021/03/10	190,478,769,376	290,093,144,151	2,756,048
2021	2021/03/11	215,265,785,150	343,700,057,033	2,833,866
2021	2021/03/12	225,475,883,784	322,628,061,289	2,811,480
2021	2021/03/15	193,682,719,282	322,332,289,417	2,531,773
2021	2021/03/16	154,585,229,959	283,735,946,791	2,268,971
2021	2021/03/17	148,700,539,173	295,321,217,247	2,250,326
2021	2021/03/18	174,568,896,959	282,521,829,648	2,507,709
2021	2021/03/19	206,162,299,174	286,072,314,341	2,484,291
2021	2021/03/22	134,237,649,211	267,395,444,867	2,030,539
2021	2021/03/23	166,584,434,810	288,044,936,802	2,443,703
2021	2021/03/24	190,171,361,975	370,840,728,182	2,743,478
2021	2021/03/25	200,479,459,902	303,304,839,138	2,769,521
2021	2021/03/26	183,904,341,737	298,652,267,544	2,511,546
2021	2021/03/29	190,331,392,589	311,046,115,227	2,603,931
2021	2021/03/30	169,270,445,204	273,400,901,065	2,409,915
2021	2021/03/31	164,042,927,963	281,737,383,363	2,349,275
2021	2021/04/01	178,252,818,928	264,412,057,595	2,383,488
2021	2021/04/07	170,999,850,712	284,540,565,837	2,528,824
2021	2021/04/08	281,126,802,349	253,850,503,501	2,199,793
2021	2021/04/09	141,713,783,922	258,255,635,033	2,011,909
2021	2021/04/12	160,703,844,981	309,572,113,696	2,146,062
2021	2021/04/13	142,767,965,242	287,840,925,388	2,051,076
2021	2021/04/14	138,105,427,932	265,709,453,953	1,928,947
2021	2021/04/15	124,509,904,514	273,876,203,244	1,874,536
2021	2021/04/16	143,172,574,798	265,377,652,422	1,963,265
2021	2021/04/19	150,156,141,166	270,869,009,842	2,042,204
2021	2021/04/20	195,711,299,057	262,027,278,033	1,980,063
2021	2021/04/21	154,354,199,779	265,644,692,945	1,951,821
2021	2021/04/22	154,522,283,141	256,196,062,180	1,987,118
2021	2021/04/23	142,987,663,765	245,189,940,076	1,973,473
2021	2021/04/26	147,482,814,424	257,339,846,404	2,069,627
2021	2021/04/27	145,446,981,020	247,166,210,257	1,928,549
2021	2021/04/28	136,270,601,718	221,564,103,485	1,896,751
2021	2021/04/29	119,746,291,886	276,163,575,801	1,717,735
2021	2021/04/30	125,833,706,390	253,123,200,255	1,757,191
2021	2021/05/03	95,846,187,796	267,535,010,494	1,387,830
2021	2021/05/04	90,799,532,837	210,600,827,714	1,458,755
2021	2021/05/05	101,198,250,161	245,223,953,332	1,503,787
2021	2021/05/06	161,035,946,689	305,368,422,604	2,318,485
2021	2021/05/07	153,496,516,343	256,873,003,743	2,265,411
2021	2021/05/10	163,511,560,608	276,850,766,533	2,339,446
2021	2021/05/11	188,748,774,318	312,781,791,735	2,644,308
2021	2021/05/12	160,909,258,306	281,233,678,164	2,303,124
2021	2021/05/13	163,578,883,951	277,267,540,405	2,048,043
2021	2021/05/14	150,871,087,250	290,191,156,099	2,175,630
2021	2021/05/17	145,632,617,133	269,498,373,161	2,042,334
2021	2021/05/18	130,534,736,760	225,712,599,651	1,927,387
2021	2021/05/20	168,793,478,142	252,146,957,405	2,426,348
2021	2021/05/21	151,901,554,395	236,409,797,716	2,134,051
2021	2021/05/24	120,884,772,177	239,220,495,760	1,956,223
2021	2021/05/25	167,870,077,668	256,185,186,843	2,416,407
2021	2021/05/26	164,296,333,422	243,232,301,177	2,361,075
2021	2021/05/27	250,492,609,667	234,445,574,793	2,612,593
2021	2021/05/28	172,742,697,999	245,509,462,398	2,499,686
2021	2021/05/31	152,235,263,852	209,048,505,968	2,119,351
2021	2021/06/01	156,993,805,221	225,274,335,441	2,181,908
2021	2021/06/02	150,252,725,941	228,707,703,517	2,232,578
2021	2021/06/03	138,931,651,640	244,354,219,450	2,129,763
2021	2021/06/04	192,996,124,206	241,071,713,221	2,231,107
2021	2021/06/07	144,472,963,060	246,812,894,626	1,882,306
2021	2021/06/08	122,641,604,763	240,856,423,364	1,906,101
2021	2021/06/09	116,377,009,948	250,406,526,796	1,812,362
2021	2021/06/10	134,037,367,274	230,772,808,872	2,020,819
2021	2021/06/11	130,866,799,883	212,731,914,553	1,937,855
2021	2021/06/15	143,694,315,199	261,555,408,371	2,185,796
2021	2021/06/16	138,351,088,859	228,819,253,009	2,086,694
2021	2021/06/17	140,258,072,921	224,924,793,340	2,078,264
2021	2021/06/18	205,502,975,715	229,142,501,112	2,368,567
2021	2021/06/21	157,302,154,424	257,741,696,169	2,127,378
2021	2021/06/22	141,375,567,566	249,581,337,825	2,020,039
2021	2021/06/23	156,561,557,761	252,734,344,964	2,215,275
2021	2021/06/24	133,956,163,364	249,793,326,805	1,978,697
2021	2021/06/25	157,048,745,144	222,676,529,195	2,174,901
2021	2021/06/28	101,596,572,268	100,658,240,133	1,340,787
2021	2021/06/29	146,126,420,306	213,233,188,098	2,122,835
2021	2021/06/30	140,299,802,713	195,004,793,064	2,137,951
2021	2021/07/02	175,888,304,362	229,962,706,465	2,491,814
2021	2021/07/05	165,393,584,602	221,011,887,322	2,166,880
2021	2021/07/06	144,857,722,357	230,854,992,499	2,045,048
2021	2021/07/07	156,559,690,256	229,153,860,659	2,265,998
2021	2021/07/08	205,258,594,154	262,140,731,443	2,812,219
2021	2021/07/09	186,793,602,221	243,442,616,012	2,505,343
2021	2021/07/12	154,616,008,834	220,472,903,502	2,177,461
2021	2021/07/13	155,700,043,585	221,044,964,704	2,241,072
2021	2021/07/14	143,633,042,278	218,804,797,879	2,053,200
2021	2021/07/15	151,090,666,529	234,060,358,343	2,252,928
2021	2021/07/16	153,698,874,240	226,636,906,971	2,164,181
2021	2021/07/19	142,365,021,200	267,809,775,864	2,074,514
2021	2021/07/20	139,635,348,670	240,117,739,282	2,182,090
2021	2021/07/21	156,856,963,872	263,913,176,828	2,171,531
2021	2021/07/22	137,152,563,110	238,363,118,804	2,092,096
2021	2021/07/23	139,575,115,301	229,389,543,867	2,094,127
2021	2021/07/26	268,245,835,474	288,351,283,089	3,448,621
2021	2021/07/27	360,670,431,722	277,047,154,358	4,450,383
2021	2021/07/28	281,305,750,209	215,903,807,189	3,509,180
2021	2021/07/29	254,114,218,581	223,333,605,464	3,049,578
2021	2021/07/30	189,635,003,942	236,784,066,055	2,600,453
2021	2021/08/02	166,947,710,075	253,380,098,324	2,407,711
2021	2021/08/03	203,702,665,082	256,005,414,033	2,623,254
2021	2021/08/04	168,451,342,163	234,944,263,400	2,311,678
2021	2021/08/05	161,746,209,441	240,818,903,901	2,231,983
2021	2021/08/06	148,040,565,943	205,782,908,654	2,109,233
2021	2021/08/09	147,504,002,314	228,703,079,391	2,144,237
2021	2021/08/10	160,787,112,648	253,961,662,221	2,230,817
2021	2021/08/11	153,506,528,151	216,514,353,542	2,302,727
2021	2021/08/12	135,858,627,196	193,789,972,283	2,157,768
2021	2021/08/13	125,876,896,557	190,414,787,872	2,012,761
2021	2021/08/16	133,913,237,284	227,381,015,533	2,081,017
2021	2021/08/17	166,149,120,481	215,659,604,617	2,406,379
2021	2021/08/18	134,410,717,789	185,596,895,969	2,097,728
2021	2021/08/19	164,852,246,674	243,864,181,556	2,440,182
2021	2021/08/20	204,328,021,587	259,252,993,513	3,013,860
2021	2021/08/23	169,777,350,925	172,627,719,147	2,484,937
2021	2021/08/24	171,783,227,145	200,331,199,474	2,483,986
2021	2021/08/25	163,340,256,147	209,429,770,165	2,424,664
2021	2021/08/26	138,576,346,968	202,209,166,700	2,231,548
2021	2021/08/27	128,918,329,247	199,710,959,756	2,060,772
2021	2021/08/30	136,588,984,296	187,050,248,380	2,245,316
2021	2021/08/31	213,373,173,747	222,687,719,625	2,642,332
2021	2021/09/01	181,833,662,002	194,248,055,645	2,580,753
2021	2021/09/02	171,074,646,559	199,544,082,659	2,532,162
2021	2021/09/03	172,099,834,351	203,795,223,844	2,278,077
2021	2021/09/06	146,317,164,331	197,571,502,490	2,125,929
2021	2021/09/07	144,829,402,584	226,095,446,896	2,207,033
2021	2021/09/08	152,195,567,146	213,494,383,248	2,341,080
2021	2021/09/09	165,999,099,492	230,974,333,888	2,468,717
2021	2021/09/10	149,833,349,023	176,410,971,371	2,190,944
2021	2021/09/13	150,275,400,750	220,296,698,003	2,322,899
2021	2021/09/14	140,944,748,567	244,282,691,668	2,381,928
2021	2021/09/15	157,068,433,830	229,371,785,053	2,481,575
2021	2021/09/16	150,823,026,938	254,813,350,334	2,406,200
2021	2021/09/17	193,830,695,158	199,571,242,472	2,246,466
2021	2021/09/20	141,787,340,261	264,645,328,106	2,068,892
2021	2021/09/21	119,202,298,234	205,352,186,467	1,776,628
2021	2021/09/23	178,980,224,438	235,364,448,291	2,782,475
2021	2021/09/24	147,537,909,495	188,978,051,062	2,441,817
2021	2021/09/27	148,900,049,076	218,539,138,559	2,415,722
2021	2021/09/28	147,474,711,369	227,634,380,420	2,351,520
2021	2021/09/29	123,528,054,677	224,248,713,110	2,059,107
2021	2021/09/30	115,123,092,652	186,393,374,878	1,876,022
2021	2021/10/04	113,292,150,924	227,710,566,191	1,877,698
2021	2021/10/05	99,763,406,479	181,743,825,251	1,655,264
2021	2021/10/06	103,969,049,080	211,499,735,444	1,684,527
2021	2021/10/07	105,337,122,046	203,871,669,414	1,859,401
2021	2021/10/08	163,350,732,311	191,881,076,338	2,518,729
2021	2021/10/11	162,928,348,315	201,016,349,759	2,386,308
2021	2021/10/12	136,986,938,515	208,387,446,488	2,105,657
2021	2021/10/15	179,610,892,744	220,837,342,009	2,797,048
2021	2021/10/18	126,931,941,417	196,910,519,674	2,045,775
2021	2021/10/19	120,577,324,253	205,870,918,557	2,034,678
2021	2021/10/20	156,592,356,471	198,901,055,840	2,273,276
2021	2021/10/21	147,958,741,271	225,260,854,981	2,084,650
2021	2021/10/22	124,339,327,425	215,160,466,823	1,911,418
2021	2021/10/25	111,218,362,812	207,479,750,397	1,819,096
2021	2021/10/26	113,989,276,541	213,432,573,607	1,856,563
2021	2021/10/27	120,687,776,752	256,731,254,105	2,032,880
2021	2021/10/28	129,310,678,275	239,909,025,049	1,980,110
2021	2021/10/29	126,266,169,434	261,029,542,374	1,947,298
2021	2021/11/01	135,093,425,943	283,580,292,627	2,073,994
2021	2021/11/02	146,012,299,162	275,227,154,525	2,337,115
2021	2021/11/03	119,848,672,129	275,562,024,916	2,050,995
2021	2021/11/04	118,606,095,759	248,581,822,539	1,916,291
2021	2021/11/05	128,337,684,482	265,215,412,572	2,089,509
2021	2021/11/08	121,939,903,818	260,488,997,133	2,003,186
2021	2021/11/09	98,574,031,196	262,895,249,901	1,770,566
2021	2021/11/10	136,249,546,802	300,270,267,090	2,178,843
2021	2021/11/11	136,344,145,360	285,356,959,269	2,201,516
2021	2021/11/12	135,392,425,623	243,415,382,681	2,240,819
2021	2021/11/15	118,595,933,050	237,912,240,018	1,853,684
2021	2021/11/16	131,036,910,101	302,457,705,288	2,149,914
2021	2021/11/17	109,786,625,495	245,634,918,490	1,795,017
2021	2021/11/18	116,526,754,104	272,926,922,380	1,829,381
2021	2021/11/19	136,515,046,155	297,277,685,588	2,125,513
2021	2021/11/22	129,201,797,136	245,565,250,422	2,055,637
2021	2021/11/23	129,861,046,427	251,700,666,676	2,081,736
2021	2021/11/24	137,368,827,945	275,571,153,137	2,103,110
2021	2021/11/25	108,614,106,284	250,311,092,255	1,839,898
2021	2021/11/26	129,790,584,973	262,446,341,527	2,090,521
2021	2021/11/29	144,509,973,347	317,971,542,619	2,313,252
2021	2021/11/30	223,848,112,356	356,536,317,995	2,804,541
2021	2021/12/01	139,306,888,729	294,478,770,333	2,242,893
2021	2021/12/02	146,673,945,415	297,880,954,028	2,366,362
2021	2021/12/03	165,914,673,867	323,780,452,640	2,290,203
2021	2021/12/06	170,020,415,801	290,486,879,922	2,463,194
2021	2021/12/07	153,435,494,381	275,505,445,029	2,327,602
2021	2021/12/08	116,118,079,682	271,969,012,314	1,926,460
2021	2021/12/09	125,181,312,939	209,642,915,965	2,109,775
2021	2021/12/10	113,883,189,094	261,806,337,497	1,826,072
2021	2021/12/13	129,691,767,980	288,871,914,026	2,098,060
2021	2021/12/14	119,987,356,705	274,268,008,682	2,074,043
2021	2021/12/15	127,741,771,655	259,192,766,851	2,136,531
2021	2021/12/16	138,117,709,522	265,619,067,738	2,211,208
2021	2021/12/17	162,611,697,575	289,778,464,916	2,171,994
2021	2021/12/20	124,782,305,386	299,130,059,189	2,187,056
2021	2021/12/21	110,290,020,123	237,518,383,815	1,899,134
2021	2021/12/22	92,782,012,626	211,534,162,907	1,648,406
2021	2021/12/23	109,184,153,703	215,459,056,915	1,770,192
2021	2021/12/24	51,720,814,961	132,075,370,441	838,590
2021	2021/12/28	99,741,456,645	221,409,321,906	1,731,812
2021	2021/12/29	62,945,369,408	190,042,546,113	1,060,241
2021	2021/12/30	69,188,042,929	173,187,364,751	1,275,612
2021	2021/12/31	57,620,453,442	128,566,607,102	917,407
2022	2022/01/03	69,981,393,768	208,279,109,858	1,280,489
2022	2022/01/04	118,312,688,624	244,380,533,329	2,155,598
2022	2022/01/05	155,307,430,429	275,427,724,170	2,555,435
2022	2022/01/06	134,508,566,668	273,351,356,842	2,412,949
2022	2022/01/07	147,266,307,457	266,124,816,365	2,421,826
2022	2022/01/10	138,742,990,648	288,171,535,476	2,337,152
2022	2022/01/11	129,620,482,896	247,222,592,810	2,185,896
2022	2022/01/12	153,602,454,101	285,207,188,300	2,458,022
2022	2022/01/13	136,331,155,219	253,736,493,913	2,216,392
2022	2022/01/14	119,890,570,937	265,834,335,493	1,971,840
2022	2022/01/17	105,290,015,782	258,738,001,632	1,812,174
2022	2022/01/18	112,314,905,911	280,152,650,559	1,919,810
2022	2022/01/19	114,961,677,193	293,650,377,782	2,029,619
2022	2022/01/20	178,373,511,729	373,707,739,602	2,717,588
2022	2022/01/21	154,172,606,604	291,668,039,792	2,553,953
2022	2022/01/24	124,316,431,090	274,454,303,158	2,133,904
2022	2022/01/25	146,486,313,854	323,249,928,669	2,315,540
2022	2022/01/26	132,111,560,036	287,624,372,086	2,114,697
2022	2022/01/27	133,489,925,764	289,723,985,967	2,072,179
2022	2022/01/28	125,698,815,307	306,000,965,019	1,930,084
2022	2022/01/31	65,134,619,774	121,144,787,708	968,743
2022	2022/02/04	113,903,554,191	260,441,471,655	1,845,052
2022	2022/02/07	122,309,298,496	282,324,121,546	2,053,074
2022	2022/02/08	129,511,365,549	287,439,104,609	2,117,725
2022	2022/02/09	140,758,436,389	266,892,009,444	2,200,578
2022	2022/02/10	129,081,358,899	255,213,890,099	2,205,263
2022	2022/02/11	139,240,949,224	251,583,464,914	2,304,949
2022	2022/02/14	113,837,877,351	280,580,824,640	1,949,563
2022	2022/02/15	114,139,088,610	298,169,157,802	1,982,279
2022	2022/02/16	101,790,224,106	240,897,958,332	1,817,253
2022	2022/02/17	104,601,732,340	299,640,411,616	1,860,159
2022	2022/02/18	126,217,900,970	288,602,965,477	1,912,038
2022	2022/02/21	143,749,389,733	290,492,449,023	2,012,109
2022	2022/02/22	146,928,474,446	355,024,246,306	2,302,918
2022	2022/02/23	114,988,301,347	280,703,969,850	1,908,922
2022	2022/02/24	176,956,584,907	429,699,204,923	2,821,538
2022	2022/02/25	142,699,662,670	352,854,375,597	2,274,535
2022	2022/02/28	153,478,505,620	324,496,313,845	2,206,653
2022	2022/03/01	114,970,655,536	274,848,965,551	1,971,186
2022	2022/03/02	114,643,868,721	281,775,022,387	2,154,493
2022	2022/03/03	115,615,448,400	258,293,806,362	2,067,761
2022	2022/03/04	164,778,201,670	352,383,163,183	2,405,116
2022	2022/03/07	177,594,933,795	316,722,131,307	2,877,626
2022	2022/03/08	170,769,939,546	307,930,367,533	2,886,580
2022	2022/03/09	185,260,951,747	386,589,916,319	2,960,325
2022	2022/03/10	146,246,975,339	314,970,766,902	2,459,002
2022	2022/03/11	190,692,100,708	421,313,449,465	3,069,460
2022	2022/03/14	223,053,054,456	390,963,340,396	3,595,255
2022	2022/03/15	286,168,178,783	306,459,883,547	4,615,353
2022	2022/03/16	309,793,095,830	296,928,195,077	4,503,479
2022	2022/03/17	300,958,616,049	275,411,583,999	4,428,993
2022	2022/03/18	236,682,278,140	272,824,343,708	3,080,832
2022	2022/03/21	149,031,681,984	235,708,139,126	2,436,415
2022	2022/03/22	140,316,369,203	235,939,097,672	2,424,509
2022	2022/03/23	177,324,039,977	240,648,034,629	2,906,414
2022	2022/03/24	149,954,324,933	227,184,153,864	2,594,158
2022	2022/03/25	147,568,699,461	249,834,942,559	2,528,987
2022	2022/03/28	134,306,437,115	234,505,484,019	2,261,489
2022	2022/03/29	125,103,936,940	194,607,114,903	2,191,765
2022	2022/03/30	155,359,195,501	202,246,264,576	2,767,220
2022	2022/03/31	102,257,334,083	174,139,381,890	1,818,523
2022	2022/04/01	94,599,886,092	189,395,774,569	1,709,310
2022	2022/04/04	102,803,827,749	176,923,010,879	1,735,235
2022	2022/04/06	134,221,880,776	192,014,817,161	2,515,743
2022	2022/04/07	117,330,859,761	217,521,599,150	2,162,071
2022	2022/04/08	103,130,265,631	194,260,912,174	1,847,985
2022	2022/04/11	122,282,304,777	216,246,806,912	2,146,518
2022	2022/04/12	128,353,190,122	226,090,804,726	2,284,140
2022	2022/04/13	100,208,680,637	192,307,008,173	1,743,993
2022	2022/04/14	98,909,460,394	170,325,919,672	1,741,582
2022	2022/04/19	115,586,489,858	232,421,311,156	2,008,871
2022	2022/04/20	98,034,827,352	218,059,026,684	1,861,654
2022	2022/04/21	120,086,099,959	240,715,029,984	2,038,538
2022	2022/04/22	108,635,663,079	223,792,598,156	1,868,713
2022	2022/04/25	134,843,068,159	248,893,405,625	2,263,282
2022	2022/04/26	122,794,503,035	207,458,757,383	2,199,239
2022	2022/04/27	125,146,354,827	223,487,396,658	2,207,606
2022	2022/04/28	105,753,991,529	220,433,966,877	1,775,965
2022	2022/04/29	165,116,280,962	272,666,811,229	2,337,889
2022	2022/05/03	106,704,789,193	202,121,746,548	1,715,966
2022	2022/05/04	72,447,712,005	170,439,114,151	1,250,806
2022	2022/05/05	100,725,921,419	207,158,476,735	1,848,219
2022	2022/05/06	117,826,449,667	219,203,339,693	2,059,737
2022	2022/05/10	143,680,278,742	218,738,065,837	2,554,111
2022	2022/05/11	126,151,800,068	195,020,655,331	2,275,003
2022	2022/05/12	115,624,712,493	236,357,668,849	2,133,495
2022	2022/05/13	116,648,209,033	218,358,980,038	2,120,178
2022	2022/05/16	93,015,297,532	194,135,654,181	1,788,049
2022	2022/05/17	124,136,538,324	206,864,757,522	2,267,423
2022	2022/05/18	112,675,503,724	196,135,911,451	1,993,570
2022	2022/05/19	121,114,520,579	194,677,275,287	2,156,503
2022	2022/05/20	122,667,617,509	204,141,445,901	2,118,490
2022	2022/05/23	105,130,324,332	216,043,221,104	1,871,695
2022	2022/05/24	113,638,992,797	228,675,674,263	2,051,623
2022	2022/05/25	103,409,698,162	201,955,304,957	2,009,531
2022	2022/05/26	95,506,206,419	223,157,861,843	1,861,124
2022	2022/05/27	120,055,779,338	219,499,614,371	2,046,518
2022	2022/05/30	128,811,312,270	209,948,638,381	2,077,769
2022	2022/05/31	245,601,501,618	235,485,164,458	2,634,324
2022	2022/06/01	126,082,074,592	237,192,058,719	1,957,039
2022	2022/06/02	103,602,146,396	216,244,841,354	1,892,822
2022	2022/06/06	138,515,719,694	251,405,253,541	2,308,016
2022	2022/06/07	140,080,283,953	256,107,749,098	2,287,162
2022	2022/06/08	183,993,504,907	271,412,448,949	2,848,525
2022	2022/06/09	163,702,600,468	292,416,336,967	2,502,596
2022	2022/06/10	180,347,095,193	255,783,307,310	2,385,954
2022	2022/06/13	159,391,959,464	273,528,484,444	2,374,116
2022	2022/06/14	133,047,285,054	255,618,245,639	2,246,373
2022	2022/06/15	149,065,131,913	228,684,658,628	2,447,205
2022	2022/06/16	158,485,705,747	304,547,829,868	2,624,583
2022	2022/06/17	186,314,869,371	255,247,194,867	2,426,826
2022	2022/06/20	131,852,455,749	247,575,699,789	2,155,014
2022	2022/06/21	119,361,686,618	233,776,694,865	2,109,364
2022	2022/06/22	126,940,388,993	234,518,387,199	2,309,044
2022	2022/06/23	120,561,139,495	236,474,535,741	2,261,886
2022	2022/06/24	148,404,819,574	247,016,997,849	2,641,754
2022	2022/06/27	200,008,854,443	258,530,580,436	3,109,816
2022	2022/06/28	175,928,027,288	247,604,846,215	2,813,730
2022	2022/06/29	160,826,807,931	241,145,035,014	2,740,368
2022	2022/06/30	151,469,737,954	225,133,093,265	2,524,574
2022	2022/07/04	131,445,489,113	231,297,311,651	2,272,693
2022	2022/07/05	122,614,256,259	250,016,280,088	2,072,277
2022	2022/07/06	141,130,919,480	275,888,760,178	2,397,242
2022	2022/07/07	112,058,257,532	254,650,286,186	2,009,406
2022	2022/07/08	105,854,369,623	194,701,185,502	1,846,135
2022	2022/07/11	119,464,712,748	248,440,927,840	1,995,980
2022	2022/07/12	115,490,670,465	248,972,258,054	1,932,559
2022	2022/07/13	108,379,662,820	207,108,338,622	1,844,098
2022	2022/07/14	112,816,526,282	232,962,531,047	1,929,713
2022	2022/07/15	129,556,976,805	269,257,405,408	2,088,494
2022	2022/07/18	116,088,919,774	288,710,171,259	1,953,396
2022	2022/07/19	83,982,883,064	226,021,461,144	1,563,401
2022	2022/07/20	89,304,300,793	207,814,471,943	1,633,211
2022	2022/07/21	101,639,342,841	253,667,190,259	1,720,354
2022	2022/07/22	85,147,677,110	202,762,376,898	1,540,006
2022	2022/07/25	89,369,071,509	231,342,187,288	1,576,029
2022	2022/07/26	96,537,851,898	257,409,047,152	1,575,115
2022	2022/07/27	87,236,278,960	213,956,277,519	1,479,848
2022	2022/07/28	90,190,642,200	223,060,795,083	1,591,945
2022	2022/07/29	129,641,136,703	292,971,337,960	2,215,236
2022	2022/08/01	114,885,249,501	252,799,585,614	1,943,024
2022	2022/08/02	118,089,345,174	276,291,615,878	2,092,828
2022	2022/08/03	95,517,731,851	214,545,970,071	1,689,936
2022	2022/08/04	88,934,275,849	215,593,742,254	1,628,258
2022	2022/08/05	85,169,961,477	214,338,073,762	1,549,313
2022	2022/08/08	74,925,782,606	211,541,906,083	1,399,055
2022	2022/08/09	82,177,790,622	233,122,571,457	1,492,017
2022	2022/08/10	89,272,385,556	252,172,314,312	1,659,331
2022	2022/08/11	82,714,217,541	207,082,839,126	1,507,524
2022	2022/08/12	74,994,785,042	162,012,539,826	1,389,208
2022	2022/08/15	73,794,009,291	232,149,336,131	1,350,631
2022	2022/08/16	98,696,195,387	226,158,555,183	1,842,628
2022	2022/08/17	84,184,556,913	223,719,789,388	1,578,719
2022	2022/08/18	89,335,725,282	224,089,191,917	1,540,968
2022	2022/08/19	82,165,896,580	172,406,866,072	1,494,122
2022	2022/08/22	83,087,379,099	185,331,961,145	1,649,465
2022	2022/08/23	86,630,524,937	183,409,974,573	1,671,423
2022	2022/08/24	99,128,070,951	214,524,479,966	1,903,252
2022	2022/08/25	90,632,989,200	126,618,409,801	1,497,074
2022	2022/08/26	102,777,637,769	189,158,896,308	1,871,603
2022	2022/08/29	91,789,830,824	167,782,142,863	1,648,915
2022	2022/08/30	96,138,007,437	212,634,899,648	1,750,648
2022	2022/08/31	136,554,461,345	221,675,420,599	2,085,366
2022	2022/09/01	105,646,327,117	196,149,038,435	1,839,623
2022	2022/09/02	110,200,779,796	199,560,265,907	1,728,970
2022	2022/09/05	98,440,488,986	191,825,646,335	1,682,657
2022	2022/09/06	82,218,553,936	216,456,457,924	1,526,936
2022	2022/09/07	86,129,892,884	207,401,362,849	1,677,456
2022	2022/09/08	80,016,323,356	188,226,912,838	1,520,905
2022	2022/09/09	92,277,500,637	224,301,141,278	1,705,498
2022	2022/09/13	94,969,386,939	204,651,918,582	1,831,423
2022	2022/09/14	93,770,133,732	250,518,352,318	1,647,640
2022	2022/09/15	81,854,749,985	188,273,951,192	1,603,648
2022	2022/09/16	123,942,707,842	210,417,474,760	1,685,377
2022	2022/09/19	91,043,707,608	213,204,615,077	1,615,030
2022	2022/09/20	73,012,255,685	179,410,661,621	1,494,730
2022	2022/09/21	81,302,794,596	200,231,682,679	1,581,039
2022	2022/09/22	85,193,458,301	219,100,827,558	1,718,290
2022	2022/09/23	80,811,338,252	182,816,084,666	1,656,202
2022	2022/09/26	104,354,441,679	196,095,901,147	1,985,164
2022	2022/09/27	97,528,562,270	219,366,613,937	1,783,221
2022	2022/09/28	108,751,557,753	198,534,220,217	2,050,601
2022	2022/09/29	91,683,578,486	206,115,861,869	1,756,419
2022	2022/09/30	84,902,013,380	187,282,126,015	1,631,949
2022	2022/10/03	63,330,895,549	170,868,071,349	1,221,288
2022	2022/10/05	105,467,602,632	229,119,682,559	1,849,597
2022	2022/10/06	62,496,315,829	162,865,283,619	1,149,512
2022	2022/10/07	57,000,572,676	159,934,218,781	1,104,757
2022	2022/10/10	95,105,334,111	223,601,411,349	1,763,286
2022	2022/10/11	91,210,466,858	240,202,785,196	1,834,952
2022	2022/10/12	112,801,233,357	262,121,647,382	2,197,029
2022	2022/10/13	84,991,789,793	235,353,580,303	1,728,330
2022	2022/10/14	101,935,608,381	222,641,029,534	2,014,618
2022	2022/10/17	95,762,564,346	229,042,957,193	1,889,466
2022	2022/10/18	99,756,279,143	227,983,539,891	1,974,512
2022	2022/10/19	84,751,201,690	210,170,679,849	1,807,105
2022	2022/10/20	126,775,747,724	252,812,364,205	2,216,139
2022	2022/10/21	93,969,103,462	182,531,681,590	1,752,534
2022	2022/10/24	161,752,533,286	264,710,046,047	2,839,910
2022	2022/10/25	143,448,852,185	214,285,320,205	2,566,633
2022	2022/10/26	130,751,207,502	191,585,754,685	2,337,638
2022	2022/10/27	122,935,509,546	207,979,873,240	2,255,753
2022	2022/10/28	124,619,691,169	237,288,332,643	2,329,004
2022	2022/10/31	130,991,933,733	197,787,686,852	2,389,240
2022	2022/11/01	153,811,639,973	200,969,161,584	2,792,074
2022	2022/11/02	106,016,629,627	164,473,123,033	2,075,099
2022	2022/11/03	98,642,789,314	182,461,597,204	2,027,747
2022	2022/11/04	188,645,230,467	284,603,853,210	3,209,202
2022	2022/11/07	148,594,592,130	214,230,283,287	2,803,876
2022	2022/11/08	104,729,344,267	175,337,559,984	1,953,578
2022	2022/11/09	111,296,702,274	211,277,754,871	2,180,301
2022	2022/11/10	92,108,599,819	220,524,925,411	1,886,804
2022	2022/11/11	182,585,930,536	226,738,715,796	3,270,941
2022	2022/11/14	204,907,773,973	202,063,344,289	3,601,705
2022	2022/11/15	205,089,159,334	279,490,658,130	3,492,003
2022	2022/11/16	173,295,004,459	213,648,132,657	2,958,055
2022	2022/11/17	152,563,172,085	255,020,678,705	2,478,265
2022	2022/11/18	139,547,505,691	222,289,952,893	2,450,024
2022	2022/11/21	110,294,568,365	195,903,620,232	1,962,707
2022	2022/11/22	127,196,509,919	232,878,850,490	2,273,554
2022	2022/11/23	96,312,382,225	198,617,903,038	1,922,163
2022	2022/11/24	86,131,380,089	178,998,966,647	1,622,972
2022	2022/11/25	94,798,267,409	196,195,840,051	1,805,533
2022	2022/11/28	118,286,912,065	219,945,246,326	2,249,977
2022	2022/11/29	166,756,666,301	282,985,161,863	2,866,818
2022	2022/11/30	222,088,663,640	256,331,241,391	2,971,215
2022	2022/12/01	198,563,330,563	196,684,344,430	3,182,263
2022	2022/12/02	142,775,148,914	164,849,568,417	2,339,198
2022	2022/12/05	222,980,772,188	234,389,368,658	3,544,444
2022	2022/12/06	165,003,861,803	232,375,388,065	2,763,896
2022	2022/12/07	207,416,416,905	251,696,761,427	3,389,970
2022	2022/12/08	160,694,115,631	220,273,143,470	2,796,464
2022	2022/12/09	199,446,926,385	242,184,329,981	3,282,240
2022	2022/12/12	158,751,376,212	206,115,412,088	2,600,069
2022	2022/12/13	124,088,179,104	192,839,880,810	2,345,053
2022	2022/12/14	136,364,073,263	185,010,103,450	2,366,304
2022	2022/12/15	105,617,782,154	192,967,730,999	2,046,077
2022	2022/12/16	136,026,194,340	186,320,466,804	2,103,802
2022	2022/12/19	100,665,361,705	171,955,132,873	1,889,937
2022	2022/12/20	96,257,919,800	147,841,061,132	1,876,191
2022	2022/12/21	69,286,083,757	113,341,566,220	1,361,231
2022	2022/12/22	101,469,091,638	140,015,594,517	1,811,767
2022	2022/12/23	79,959,117,835	123,800,437,195	1,485,478
2022	2022/12/28	121,952,631,323	128,982,657,773	2,156,478
2022	2022/12/29	90,752,677,829	112,474,186,004	1,629,956
2022	2022/12/30	87,020,250,675	120,307,980,323	1,546,788
2023	2023/01/03	120,652,718,237	198,160,021,257	2,145,490
2023	2023/01/04	149,636,024,224	188,052,698,909	2,556,934
2023	2023/01/05	174,163,809,774	172,764,609,547	2,824,123
2023	2023/01/06	148,275,091,428	165,766,761,109	2,576,779
2023	2023/01/09	156,422,737,056	192,807,394,712	2,586,268
2023	2023/01/10	131,355,837,116	157,764,595,951	2,268,155
2023	2023/01/11	165,846,933,201	197,053,087,844	2,749,275
2023	2023/01/12	159,583,553,258	215,868,763,075	2,648,763
2023	2023/01/13	133,010,740,063	171,243,321,955	2,262,112
2023	2023/01/16	140,769,555,716	180,063,974,577	2,452,294
2023	2023/01/17	126,720,042,546	182,507,663,476	2,145,274
2023	2023/01/18	127,834,479,717	177,655,954,310	2,160,710
2023	2023/01/19	92,596,858,853	169,649,714,794	1,555,339
2023	2023/01/20	95,131,719,496	155,872,613,271	1,590,524
2023	2023/01/26	119,554,493,043	134,935,900,944	1,878,098
2023	2023/01/27	97,250,080,867	116,657,325,906	1,564,862
2023	2023/01/30	203,247,599,380	181,881,644,951	3,111,836
2023	2023/01/31	173,821,840,838	221,290,991,656	2,559,664
